Country name,1961,1962,1963,1964,1965,1966,1967,1968,1969,1970,1971,1972,1973,1974,1975,1976,1977,1978,1979,1980,1981,1982,1983,1984,1985,1986,1987,1988,1989,1990,1991,1992,1993,1994,1995,1996,1997,1998,1999,2000,2001,2002,2003,2004,2005,2006,2007,2008,2009,2010,2011,2012,2013,2014,2015,2016,2017,2018,2019,2020,2021
Afghanistan,652860,652860,652860,652860,652860,652860,652860,652860,652860,652860,652860,652860,652860,652860,652860,652860,652860,652860,652860,652860,652860,652860,652860,652860,652860,652860,652860,652860,652860,652860,652860,652860,652860,652860,652860,652860,652860,652860,652860,652860,652860,652860,652860,652860,652860,652860,652860,652860,652860,652860,652860,652860,652860,652860,652860,652860,652860,652860,652860,652860,652860
Albania,28750,28750,28750,28750,28750,28750,28750,28750,28750,28750,28750,28750,28750,28750,28750,28750,28750,28750,28750,28750,28750,28750,28750,28750,28750,28750,28750,28750,28750,28750,28750,28750,28750,28750,28750,28750,28750,28750,28750,28750,28750,28750,28750,28750,28750,28750,28750,28750,28750,28750,28750,28750,28750,28750,28750,28750,28750,28750,28750,28750,28750
Algeria,2381740,2381740,2381740,2381740,2381740,2381740,2381740,2381740,2381740,2381740,2381740,2381740,2381740,2381740,2381740,2381740,2381740,2381740,2381740,2381740,2381740,2381740,2381740,2381740,2381740,2381740,2381740,2381740,2381740,2381740,2381740,2381740,2381740,2381740,2381740,2381740,2381740,2381740,2381740,2381740,2381740,2381740,2381740,2381740,2381740,2381740,2381740,2381740,2381740,2381740,2381740,2381740,2381740,2381740,2381741,2381741,2381741,2381741,2381741,2381741,2381741
American Samoa,200,200,200,200,200,200,200,200,200,200,200,200,200,200,200,200,200,200,200,200,200,200,200,200,200,200,200,200,200,200,200,200,200,200,200,200,200,200,200,200,200,200,200,200,200,200,200,200,200,200,200,200,200,200,200,200,200,200,200,200,200
Andorra,470,470,470,470,470,470,470,470,470,470,470,470,470,470,470,470,470,470,470,470,470,470,470,470,470,470,470,470,470,470,470,470,470,470,470,470,470,470,470,470,470,470,470,470,470,470,470,470,470,470,470,470,470,470,470,470,470,470,470,470,470
Angola,1246700,1246700,1246700,1246700,1246700,1246700,1246700,1246700,1246700,1246700,1246700,1246700,1246700,1246700,1246700,1246700,1246700,1246700,1246700,1246700,1246700,1246700,1246700,1246700,1246700,1246700,1246700,1246700,1246700,1246700,1246700,1246700,1246700,1246700,1246700,1246700,1246700,1246700,1246700,1246700,1246700,1246700,1246700,1246700,1246700,1246700,1246700,1246700,1246700,1246700,1246700,1246700,1246700,1246700,1246700,1246700,1246700,1246700,1246700,1246700,1246700
Antigua and Barbuda,440,440,440,440,440,440,440,440,440,440,440,440,440,440,440,440,440,440,440,440,440,440,440,440,440,440,440,440,440,440,440,440,440,440,440,440,440,440,440,440,440,440,440,440,440,440,440,440,440,440,440,440,440,440,440,440,440,440,440,440,440
Argentina,2780400,2780400,2780400,2780400,2780400,2780400,2780400,2780400,2780400,2780400,2780400,2780400,2780400,2780400,2780400,2780400,2780400,2780400,2780400,2780400,2780400,2780400,2780400,2780400,2780400,2780400,2780400,2780400,2780400,2780400,2780400,2780400,2780400,2780400,2780400,2780400,2780400,2780400,2780400,2780400,2780400,2780400,2780400,2780400,2780400,2780400,2780400,2780400,2780400,2780400,2780400,2780400,2780400,2780400,2780400,2780400,2780400,2780400,2780400,2780400,2780400
Armenia,29740,29740,29740,29740,29740,29740,29740,29740,29740,29740,29740,29740,29740,29740,29740,29740,29740,29740,29740,29740,29740,29740,29740,29740,29740,29740,29740,29740,29740,29740,29740,29740,29740,29740,29740,29740,29740,29740,29740,29740,29740,29740,29740,29740,29740,29740,29740,29740,29740,29740,29740,29740,29740,29740,29740,29740,29740,29740,29740,29740,29740
Aruba,180,180,180,180,180,180,180,180,180,180,180,180,180,180,180,180,180,180,180,180,180,180,180,180,180,180,180,180,180,180,180,180,180,180,180,180,180,180,180,180,180,180,180,180,180,180,180,180,180,180,180,180,180,180,180,180,180,180,180,180,180
Australia,7741220,7741220,7741220,7741220,7741220,7741220,7741220,7741220,7741220,7741220,7741220,7741220,7741220,7741220,7741220,7741220,7741220,7741220,7741220,7741220,7741220,7741220,7741220,7741220,7741220,7741220,7741220,7741220,7741220,7741220,7741220,7741220,7741220,7741220,7741220,7741220,7741220,7741220,7741220,7741220,7741220,7741220,7741220,7741220,7741220,7741220,7741220,7741220,7741220,7741220,7741220,7741220,7741220,7741220,7741220,7741220,7741220,7741220,7741220,7741220,7741220
Austria,83879,83879,83879,83879,83879,83879,83879,83879,83879,83879,83879,83879,83879,83879,83879,83879,83879,83879,83879,83879,83879,83879,83879,83879,83879,83879,83879,83879,83879,83879,83879,83879,83879,83879,83879,83879,83879,83879,83879,83879,83879,83879,83879,83879,83879,83879,83879,83879,83879,83879,83879,83879,83879,83879,83879,83879,83879,83879,83879,83879,83879
Azerbaijan,86600,86600,86600,86600,86600,86600,86600,86600,86600,86600,86600,86600,86600,86600,86600,86600,86600,86600,86600,86600,86600,86600,86600,86600,86600,86600,86600,86600,86600,86600,86600,86600,86600,86600,86600,86600,86600,86600,86600,86600,86600,86600,86600,86600,86600,86600,86600,86600,86600,86600,86600,86600,86600,86600,86600,86600,86600,86600,86600,86600,86600
Bahamas,13880,13880,13880,13880,13880,13880,13880,13880,13880,13880,13880,13880,13880,13880,13880,13880,13880,13880,13880,13880,13880,13880,13880,13880,13880,13880,13880,13880,13880,13880,13880,13880,13880,13880,13880,13880,13880,13880,13880,13880,13880,13880,13880,13880,13880,13880,13880,13880,13880,13880,13880,13880,13880,13880,13880,13880,13880,13880,13880,13880,13880
Bahrain,690,690,690,690,690,690,690,690,690,690,690,690,690,690,690,690,690,690,690,690,690,690,690,690,690,690,690,690,690,690,690,710,710,710,710,710,710,710,710,710,710,710,720,730,740,740,750,760,760,762,767,770,770,771,778,779,780,780,783,785,790
Bangladesh,148460,148460,148460,148460,148460,148460,148460,148460,148460,148460,148460,148460,148460,148460,148460,148460,148460,148460,148460,148460,148460,148460,148460,148460,148460,148460,148460,148460,148460,148460,148460,148460,148460,148460,148460,148460,148460,148460,148460,148460,148460,148460,148460,148460,148460,148460,148460,148460,148460,148460,148460,148460,148460,147630,147630,147630,147977,147570,147570,147570,147570
Barbados,430,430,430,430,430,430,430,430,430,430,430,430,430,430,430,430,430,430,430,430,430,430,430,430,430,430,430,430,430,430,430,430,430,430,430,430,430,430,430,430,430,430,430,430,430,430,430,430,430,430,430,430,430,430,430,430,430,430,430,430,430
Belarus,207600,207600,207600,207600,207600,207600,207600,207600,207600,207600,207600,207600,207600,207600,207600,207600,207600,207600,207600,207600,207600,207600,207600,207600,207600,207600,207600,207600,207600,207600,207600,207600,207600,207600,207600,207600,207600,207600,207600,207600,207600,207600,207600,207600,207600,207600,207600,207600,207600,207600,207600,207600,207600,207600,207600,207600,207600,207600,207600,207610,207630
Belgium,33120,33120,33120,33120,33120,33120,33120,33120,33120,33120,33120,33120,33120,33120,33120,33120,33120,33120,33120,33120,33120,33120,33120,33120,33120,33120,33120,33120,33120,33120,33120,33120,33120,33120,33120,33120,33120,33120,33120,30530,30530,30530,30530,30530,30530,30530,30530,30530,30530,30530,30530,30530,30530,30530,30530,30530,30530,30530,30530,30530,30530
Belize,22970,22970,22970,22970,22970,22970,22970,22970,22970,22970,22970,22970,22970,22970,22970,22970,22970,22970,22970,22970,22970,22970,22970,22970,22970,22970,22970,22970,22970,22970,22970,22970,22970,22970,22970,22970,22970,22970,22970,22970,22970,22970,22970,22970,22970,22970,22970,22970,22970,22970,22970,22970,22970,22970,22970,22970,22970,22970,22970,22970,22970
Benin,114760,114760,114760,114760,114760,114760,114760,114760,114760,114760,114760,114760,114760,114760,114760,114760,114760,114760,114760,114760,114760,114760,114760,114760,114760,114760,114760,114760,114760,114760,114760,114760,114760,114760,114760,114760,114760,114760,114760,114760,114760,114760,114760,114760,114760,114760,114760,114760,114760,114760,114760,114760,114760,114760,114760,114760,114760,114760,114760,114760,114760
Bermuda,54,54,54,54,54,54,54,54,54,54,54,54,54,54,54,54,54,54,54,54,54,54,54,54,54,54,54,54,54,54,54,54,54,54,54,54,54,54,54,54,54,54,54,54,54,54,54,54,54,54,54,54,4290,4290,4290,4290,4290,4290,4290,4290,4290
Bhutan,47000,47000,47000,47000,47000,47000,47000,47000,47000,47000,47000,47000,47000,47000,47000,47000,47000,47000,47000,47000,47000,47000,47000,47000,47000,47000,47000,47000,47000,47000,47000,47000,47000,40077,40077,40077,40077,40077,40077,40077,40077,40077,40077,38394,38394,38394,38394,38394,38394,38394,38394,38394,38394,38394,38394,38394,38394,38390,38390,38390,38390
Bolivia,1098580,1098580,1098580,1098580,1098580,1098580,1098580,1098580,1098580,1098580,1098580,1098580,1098580,1098580,1098580,1098580,1098580,1098580,1098580,1098580,1098580,1098580,1098580,1098580,1098580,1098580,1098580,1098580,1098580,1098580,1098580,1098580,1098580,1098580,1098580,1098580,1098580,1098580,1098580,1098580,1098580,1098580,1098580,1098580,1098580,1098580,1098580,1098580,1098580,1098580,1098580,1098580,1098580,1098580,1098580,1098580,1098580,1098580,1098580,1098580,1098580
Bosnia and Herzegovina,51210,51210,51210,51210,51210,51210,51210,51210,51210,51210,51210,51210,51210,51210,51210,51210,51210,51210,51210,51210,51210,51210,51210,51210,51210,51210,51210,51210,51210,51210,51210,51210,51210,51210,51210,51210,51210,51210,51210,51210,51210,51210,51210,51210,51210,51210,51210,51210,51210,51210,51210,51210,51210,51210,51210,51210,51210,51210,51210,51210,51210
Botswana,581730,581730,581730,581730,581730,581730,581730,581730,581730,581730,581730,581730,581730,581730,581730,581730,581730,581730,581730,581730,581730,581730,581730,581730,581730,581730,581730,581730,581730,581730,581730,581730,581730,581730,581730,581730,581730,581730,581730,581730,581730,581730,581730,581730,581730,581730,581730,581730,581730,581730,581730,581730,581730,581730,581730,581730,581730,581730,581730,581730,581730
Brazil,8515770,8515770,8515770,8515770,8515770,8515770,8515770,8515770,8515770,8515770,8515770,8515770,8515770,8515770,8515770,8515770,8515770,8515770,8515770,8515770,8515770,8515770,8515770,8515770,8515770,8515770,8515770,8515770,8515770,8515770,8515770,8515770,8515770,8515770,8515770,8515770,8515770,8515770,8515770,8515770,8515770,8515770,8515770,8515770,8515770,8515770,8515770,8515770,8515770,8515770,8515770,8515770,8515770,8515770,8515770,8515770,8515770,8515770,8515770,8515770,8515770
British Virgin Islands,150,150,150,150,150,150,150,150,150,150,150,150,150,150,150,150,150,150,150,150,150,150,150,150,150,150,150,150,150,150,150,150,150,150,150,150,150,150,150,150,150,150,150,150,150,150,150,150,150,150,150,150,150,150,150,150,150,150,150,150,150
Brunei Darussalam,5770,5770,5770,5770,5770,5770,5770,5770,5770,5770,5770,5770,5770,5770,5770,5770,5770,5770,5770,5770,5770,5770,5770,5770,5770,5770,5770,5770,5770,5770,5770,5770,5770,5770,5770,5770,5770,5770,5770,5770,5770,5770,5770,5770,5770,5770,5770,5770,5770,5770,5770,5770,5770,5770,5770,5770,5770,5770,5770,5770,5770
Bulgaria,110990,110990,110990,110990,110990,110990,110990,110990,110990,110990,110990,110990,110990,110990,110990,110990,110990,110990,110990,110990,110990,110990,110990,110990,110990,110990,110990,110990,110990,110990,110990,110990,110990,110990,110990,110990,110990,110990,110990,110990,110990,110990,110990,111000,111000,111000,111000,111000,111000,111000,111000,111000,111000,111000,111000,111000,111000,111000,111000,111000,111000
Burkina Faso,274220,274220,274220,274220,274220,274220,274220,274220,274220,274220,274220,274220,274220,274220,274220,274220,274220,274220,274220,274220,274220,274220,274220,274220,274220,274220,274220,274220,274220,274220,274220,274220,274220,274220,274220,274220,274220,274220,274220,274220,274220,274220,274220,274220,274220,274220,274220,274220,274220,274220,274220,274220,274220,274220,274220,274220,274220,274220,274220,274220,274220
Burundi,27830,27830,27830,27830,27830,27830,27830,27830,27830,27830,27830,27830,27830,27830,27830,27830,27830,27830,27830,27830,27830,27830,27830,27830,27830,27830,27830,27830,27830,27830,27830,27830,27830,27830,27830,27830,27830,27830,27830,27830,27830,27830,27830,27830,27830,27830,27830,27830,27830,27830,27830,27830,27830,27830,27830,27830,27830,27830,27830,27830,27830
Cabo Verde,4030,4030,4030,4030,4030,4030,4030,4030,4030,4030,4030,4030,4030,4030,4030,4030,4030,4030,4030,4030,4030,4030,4030,4030,4030,4030,4030,4030,4030,4030,4030,4030,4030,4030,4030,4030,4030,4030,4030,4030,4030,4030,4030,4030,4030,4030,4030,4030,4030,4030,4030,4030,4030,4030,4030,4030,4030,4030,4030,4030,4030
Cambodia,181040,181040,181040,181040,181040,181040,181040,181040,181040,181040,181040,181040,181040,181040,181040,181040,181040,181040,181040,181040,181040,181040,181040,181040,181040,181040,181040,181040,181040,181040,181040,181040,181040,181040,181040,181040,181040,181040,181040,181040,181040,181040,181040,181040,181040,181040,181040,181040,181040,181040,181040,181040,181040,181040,181040,181040,181040,181040,181040,181040,181040
Cameroon,475440,475440,475440,475440,475440,475440,475440,475440,475440,475440,475440,475440,475440,475440,475440,475440,475440,475440,475440,475440,475440,475440,475440,475440,475440,475440,475440,475440,475440,475440,475440,475440,475440,475440,475440,475440,475440,475440,475440,475440,475440,475440,475440,475440,475440,475440,475440,475440,475440,475440,475440,475440,475440,475440,475440,475440,475440,475440,475440,475440,475440
Canada,9879750,9879750,9879750,9879750,9879750,9879750,9879750,9879750,9879750,9879750,9879750,9879750,9879750,9879750,9879750,9879750,9879750,9879750,9879750,9879750,9879750,9879750,9879750,9879750,9879750,9879750,9879750,9879750,9879750,9879750,9879750,9879750,9879750,9879750,9879750,9879750,9879750,9879750,9879750,9879750,9879750,9879750,9879750,9879750,9879750,9879750,9879750,9879750,9879750,9879750,9879750,9879750,9879750,9879750,9879750,9879750,9879750,9879750,9879750,9879750,15634410
Cayman Islands,264,264,264,264,264,264,264,264,264,264,264,264,264,264,264,264,264,264,264,264,264,264,264,264,264,264,264,264,264,264,264,264,264,264,264,264,264,264,264,264,264,264,264,264,264,264,264,264,264,264,264,264,264,264,264,264,264,264,264,264,264
Central African Republic,622980,622980,622980,622980,622980,622980,622980,622980,622980,622980,622980,622980,622980,622980,622980,622980,622980,622980,622980,622980,622980,622980,622980,622980,622980,622980,622980,622980,622980,622980,622980,622980,622980,622980,622980,622980,622980,622980,622980,622980,622980,622980,622980,622980,622980,622980,622980,622980,622980,622980,622980,622980,622980,622980,622980,622980,622980,622980,622980,622980,622980
Chad,1284000,1284000,1284000,1284000,1284000,1284000,1284000,1284000,1284000,1284000,1284000,1284000,1284000,1284000,1284000,1284000,1284000,1284000,1284000,1284000,1284000,1284000,1284000,1284000,1284000,1284000,1284000,1284000,1284000,1284000,1284000,1284000,1284000,1284000,1284000,1284000,1284000,1284000,1284000,1284000,1284000,1284000,1284000,1284000,1284000,1284000,1284000,1284000,1284000,1284000,1284000,1284000,1284000,1284000,1284000,1284000,1284000,1284000,1284000,1284000,1284000
Channel Islands,198,198,198,198,198,198,198,198,198,198,198,198,198,198,198,198,198,198,198,198,198,198,198,198,198,198,198,198,198,198,198,198,198,198,198,198,198,198,198,198,198,198,198,198,198,198,198,198,198,198,198,198,198,198,198,198,198,198,198,198,198
Chile,756096,756096,756096,756096,756096,756096,756096,756096,756096,756096,756096,756096,756096,756096,756096,756096,756096,756096,756096,756096,756096,756096,756096,756096,756096,756096,756096,756096,756096,756096,756096,756096,756096,756096,756096,756096,756096,756096,756096,756096,756096,756096,756096,756096,756096,756096,756096,756096,756096,756096,756096,756096,756096,756096,756096,756700,756700,756700,756700,756700,756700
China,9562950,9562950,9562950,9562950,9562950,9562950,9562950,9562950,9562950,9562950,9562950,9562950,9562950,9562950,9562950,9562950,9562950,9562950,9562950,9562950,9562950,9562950,9562950,9562950,9562950,9562950,9562950,9562950,9562950,9562950,9562950,9562950,9562950,9562950,9562940,9562930,9562930,9562930,9562930,9562920,9562914.2,9562913.2,9562912.7,9562912.5,9562911.8,9562911.4,9562910.8,9562910.8,9562911,9562911,9562911,9562911,9562911,9562911,9562911,9562910,9562910,9562910,9562910,9562910,9562910
Colombia,1141750,1141750,1141750,1141750,1141750,1141750,1141750,1141750,1141750,1141750,1141750,1141750,1141750,1141750,1141750,1141750,1141750,1141750,1141750,1141750,1141750,1141750,1141750,1141750,1141750,1141750,1141750,1141750,1141750,1141750,1141750,1141750,1141750,1141750,1141750,1141750,1141750,1141750,1141750,1141750,1141750,1141750,1141750,1141750,1141750,1141750,1141750,1141750,1141750,1141750,1141750,1141748,1141749,1141749,1141749,1141749,1141749,1141750,1141750,1140619.05,1140619.05
Comoros,1861,1861,1861,1861,1861,1861,1861,1861,1861,1861,1861,1861,1861,1861,1861,1861,1861,1861,1861,1861,1861,1861,1861,1861,1861,1861,1861,1861,1861,1861,1861,1861,1861,1861,1861,1861,1861,1861,1861,1861,1861,1861,1861,1861,1861,1861,1861,1861,1861,1861,1861,1861,1861,1861,1861,1861,1861,1861,1861,1861,1861
DR Congo,2344860,2344860,2344860,2344860,2344860,2344860,2344860,2344860,2344860,2344860,2344860,2344860,2344860,2344860,2344860,2344860,2344860,2344860,2344860,2344860,2344860,2344860,2344860,2344860,2344860,2344860,2344860,2344860,2344860,2344860,2344860,2344860,2344860,2344860,2344860,2344860,2344860,2344860,2344860,2344860,2344860,2344860,2344860,2344860,2344860,2344860,2344860,2344860,2344860,2344860,2344860,2344860,2344860,2344860,2344860,2344860,2344860,2344860,2344860,2344860,2344860
Congo Republic,342000,342000,342000,342000,342000,342000,342000,342000,342000,342000,342000,342000,342000,342000,342000,342000,342000,342000,342000,342000,342000,342000,342000,342000,342000,342000,342000,342000,342000,342000,342000,342000,342000,342000,342000,342000,342000,342000,342000,342000,342000,342000,342000,342000,342000,342000,342000,342000,342000,342000,342000,342000,342000,342000,342000,342000,342000,342000,342000,342000,342000
Costa Rica,51100,51100,51100,51100,51100,51100,51100,51100,51100,51100,51100,51100,51100,51100,51100,51100,51100,51100,51100,51100,51100,51100,51100,51100,51100,51100,51100,51100,51100,51100,51100,51100,51100,51100,51100,51100,51100,51100,51100,51100,51100,51100,51100,51100,51100,51100,51100,51100,51100,51100,51100,51100,51100,51100,51100,51100,51100,51100,51100,51100,51100
Cote d'Ivoire,322460,322460,322460,322460,322460,322460,322460,322460,322460,322460,322460,322460,322460,322460,322460,322460,322460,322460,322460,322460,322460,322460,322460,322460,322460,322460,322460,322460,322460,322460,322460,322460,322460,322460,322460,322460,322460,322460,322460,322460,322460,322460,322460,322460,322460,322460,322460,322460,322460,322460,322460,322460,322460,322460,322460,322460,322460,322460,322460,322460,322460
Croatia,56540,56540,56540,56540,56540,56540,56540,56540,56540,56540,56540,56540,56540,56540,56540,56540,56540,56540,56540,56540,56540,56540,56540,56540,56540,56540,56540,56540,56540,56540,56540,56540,56540,56540,56540,56610,56610,56540,56540,56540,56540,56540,56594,56590,56590,56590,56590,56590,56590,56590,56590,56590,88073,88073,88073,88073,88073,88073,88073,88070,88070
Cuba,109890,109890,109890,109890,109890,109890,109890,109890,109890,109890,109890,109890,109890,109890,109890,109890,109890,109890,109890,109890,109890,109890,109890,109890,109890,109890,109890,109890,109890,109890,109890,109890,109890,109890,109890,109890,109890,109890,109890,109890,109890,109890,109890,109890,109890,109890,109890,109890,109890,109880,109880,109880,109880,109880,109880,109880,109880,109880,109880,109880,109880
Curacao,444,444,444,444,444,444,444,444,444,444,444,444,444,444,444,444,444,444,444,444,444,444,444,444,444,444,444,444,444,444,444,444,444,444,444,444,444,444,444,444,444,444,444,444,444,444,444,444,444,444,444,444,444,444,444,444,444,444,444,444,444
Cyprus,9250,9250,9250,9250,9250,9250,9250,9250,9250,9250,9250,9250,9250,9250,9250,9250,9250,9250,9250,9250,9250,9250,9250,9250,9250,9250,9250,9250,9250,9250,9250,9250,9250,9250,9250,9250,9250,9250,9250,9250,9250,9250,9250,9250,9250,9250,9250,9250,9250,9250,9250,9250,9250,9251,9251,9251,9251,9250,9250,9250,9250
Czechia,78870,78870,78870,78870,78870,78870,78870,78870,78870,78870,78870,78870,78870,78870,78870,78870,78870,78870,78870,78870,78870,78870,78870,78870,78870,78870,78870,78870,78870,78870,78870,78870,78870,78870,78870,78870,78870,78870,78870,78870,78870,78870,78870,78870,78870,78870,78870,78870,78870,78870,78870,78870,78870,78870,78870,78870,78870,78870,78870.04,78871.01,78871.04
Denmark,42920,42920,42920,42920,42920,42920,42920,42920,42920,42920,42920,42920,42920,42920,42920,42920,42920,42920,42920,42920,42920,42920,42920,42920,42920,42920,42920,42920,42920,42920,42920,42920,42920,42920,42920,42920,42920,42920,42920,42920,42920,42920,42920,42920,42920,42920,42920,42920,42920,42920,42920,42920,42920,42920,42920,42920,42920,42920,42920,42920,42920
Djibouti,23200,23200,23200,23200,23200,23200,23200,23200,23200,23200,23200,23200,23200,23200,23200,23200,23200,23200,23200,23200,23200,23200,23200,23200,23200,23200,23200,23200,23200,23200,23200,23200,23200,23200,23200,23200,23200,23200,23200,23200,23200,23200,23200,23200,23200,23200,23200,23200,23200,23200,23200,23200,23200,23200,23200,23200,23200,23200,23200,23200,23200
Dominica,750,750,750,750,750,750,750,750,750,750,750,750,750,750,750,750,750,750,750,750,750,750,750,750,750,750,750,750,750,750,750,750,750,750,750,750,750,750,750,750,750,750,750,750,750,750,750,750,750,750,750,750,750,750,750,750,750,750,750,750,750
Dominican Republic,48670,48670,48670,48670,48670,48670,48670,48670,48670,48670,48670,48670,48670,48670,48670,48670,48670,48670,48670,48670,48670,48670,48670,48670,48670,48670,48670,48670,48670,48670,48670,48670,48670,48670,48670,48670,48670,48670,48670,48670,48670,48670,48670,48670,48670,48670,48670,48670,48670,48670,48670,48670,48670,48670,48670,48670,48670,48670,146839.31,146839.31,146839.31
Ecuador,283560,283560,283560,283560,283560,283560,283560,283560,283560,283560,283560,283560,283560,283560,283560,283560,283560,283560,283560,283560,283560,283560,283560,283560,283560,283560,283560,283560,283560,283560,283560,283560,283560,283560,283560,283560,283560,256370,256370,256370,256370,256370,256370,256370,256370,256370,256370,256370,256370,256370,256370,256370,256370,256370,256370,256370,256370,256370,256370,256370,256370
Egypt,1001450,1001450,1001450,1001450,1001450,1001450,1001450,1001450,1001450,1001450,1001450,1001450,1001450,1001450,1001450,1001450,1001450,1001450,1001450,1001450,1001450,1001450,1001450,1001450,1001450,1001450,1001450,1001450,1001450,1001450,1001450,1001450,1001450,1001450,1001450,1001450,1001450,1001450,1001450,1001450,1001450,1001450,1001450,1001450,1001450,1001450,1001450,1001450,1001450,1001450,1001450,1001450,1001450,1001450,1001450,1001450,1001450,1001450,1001450,1001450,1001450
El Salvador,21040,21040,21040,21040,21040,21040,21040,21040,21040,21040,21040,21040,21040,21040,21040,21040,21040,21040,21040,21040,21040,21040,21040,21040,21040,21040,21040,21040,21040,21040,21040,21040,21040,21040,21040,21040,21040,21040,21040,21040,21040,21040,21040,21040,21040,21040,21040,21040,21040,21040,21040,21040,21040,21040,21040,21040,21040,21040,21040,21040,21040
Equatorial Guinea,28050,28050,28050,28050,28050,28050,28050,28050,28050,28050,28050,28050,28050,28050,28050,28050,28050,28050,28050,28050,28050,28050,28050,28050,28050,28050,28050,28050,28050,28050,28050,28050,28050,28050,28050,28050,28050,28050,28050,28050,28050,28050,28050,28050,28050,28050,28050,28050,28050,28050,28050,28050,28050,28050,28050,28050,28050,28050,28050,28050,28050
Eritrea,,,,,,,,,,,,,,,,,,,,,,,,,,,,,,,,,117600,117600,117600,117600,117600,117600,117600,117600,117600,117600,117600,121690.86,121690.003,121659.95,121626.677,121644.279,121656.3,121651.578,121675.619,121668.75,121635.908,121622.815,121675.405,121664.244,121658.018,121664.887,121668.106,121630.327,121630.327
Estonia,45230,45230,45230,45230,45230,45230,45230,45230,45230,45230,45230,45230,45230,45230,45230,45230,45230,45230,45230,45230,45230,45230,45230,45230,45230,45230,45230,45230,45230,45230,45230,45230,45230,45230,45230,45230,45230,45230,45230,45230,45230,45230,45230,45230,45230,45230,45230,45230,45230,45230,45230,45230,45340,45340,45340,45340,45340,45340,45340,45340,45340
Eswatini,17360,17360,17360,17360,17360,17360,17360,17360,17360,17360,17360,17360,17360,17360,17360,17360,17360,17360,17360,17360,17360,17360,17360,17360,17360,17360,17360,17360,17360,17360,17360,17360,17360,17360,17360,17360,17360,17360,17360,17360,17360,17360,17360,17360,17360,17360,17360,17360,17360,17360,17360,17360,17360,17360,17360,17360,17360,17360,17360,17360,17360
Ethiopia,1221900,1221900,1221900,1221900,1221900,1221900,1221900,1221900,1221900,1221900,1221900,1221900,1221900,1221900,1221900,1221900,1221900,1221900,1221900,1221900,1221900,1221900,1221900,1221900,1221900,1221900,1221900,1221900,1221900,1221900,1221900,1221900,1104300,1104300,1104300,1104300,1104300,1104300,1104300,1104300,1104300,1104300,1104300,1136243.254,1136243.166,1136242.98,1136243.922,1136243.263,1136243.562,1136242.873,1136242.41,1136242.783,1136243.504,1136243.143,1136244.136,1136242.676,1136243.265,1136242.496,1136243.012,1136239.544,1136239.544
Faroe Islands,1396,1396,1396,1396,1396,1396,1396,1396,1396,1396,1396,1396,1396,1396,1396,1396,1396,1396,1396,1396,1396,1396,1396,1396,1396,1396,1396,1396,1396,1396,1396,1396,1396,1396,1396,1396,1396,1396,1396,1396,1396,1396,1396,1396,1396,1396,1396,1396,1396,1396,1396,1396,1396,1396,1396,1396,1396,1396,1396,12959.67,12960
Fiji,18270,18270,18270,18270,18270,18270,18270,18270,18270,18270,18270,18270,18270,18270,18270,18270,18270,18270,18270,18270,18270,18270,18270,18270,18270,18270,18270,18270,18270,18270,18270,18270,18270,18270,18270,18270,18270,18270,18270,18270,18270,18270,18270,18270,18270,18270,18270,18270,18270,18270,18270,18270,18270,18270,18270,18270,18270,18270,18270,18270,18270
Finland,338150,338150,338150,338150,338150,338150,338150,338150,338150,338150,338150,338150,338150,338150,338150,338150,338150,338150,338150,338150,338150,338150,338150,338150,338150,338150,338150,338150,338150,338150,338150,338150,338150,338150,338150,338150,338150,338150,338150,338150,338150,338150,338150,338150,338150,338440,338420,338420,338420,338420,338420,338420,338420,338420,338446,338450,338450,338450,338460,338460,338470
France,549086,549086,549086,549086,549086,549086,549086,549086,549086,549086,549086,549086,549086,549086,549086,549086,549086,549086,549086,549086,549086,549086,549086,549086,549086,549086,549086,549086,549086,549086,549086,549086,549086,549086,549086,549086,549086,549086,549086,549087,549087,549087,549387,549087,549087,549087,549087,549087,549087,549087,549087,549087,549087,549087,549087,549087,549087,549087,549087,549086.87,549086.87
French Polynesia,4000,4000,4000,4000,4000,4000,4000,4000,4000,4000,4000,4000,4000,4000,4000,4000,4000,4000,4000,4000,4000,4000,4000,4000,4000,4000,4000,4000,4000,4000,4000,4000,4000,4000,4000,4000,4000,4000,4000,3471,3471,3471,3471,3471,3471,3471,3471,3471,3471,3471,3471,3471,3471,3471,3471,3471,3471,3471,3471,3471,3471
Gabon,267670,267670,267670,267670,267670,267670,267670,267670,267670,267670,267670,267670,267670,267670,267670,267670,267670,267670,267670,267670,267670,267670,267670,267670,267670,267670,267670,267670,267670,267670,267670,267670,267670,267670,267670,267670,267670,267670,267670,267670,267670,267670,267670,267670,267670,267670,267670,267670,267670,267670,267670,267670,267670,267670,267670,267670,267670,267670,267670,267670,267670
Gambia,11300,11300,11300,11300,11300,11300,11300,11300,11300,11300,11300,11300,11300,11300,11300,11300,11300,11300,11300,11300,11300,11300,11300,11300,11300,11300,11300,11300,11300,11300,11300,11300,11300,11300,11300,11300,11300,11300,11300,11300,11300,11300,11300,11300,11300,11300,11300,11300,11300,11300,11300,11300,11300,11300,11300,11300,11300,11300,11300,11300,11300
Georgia,69700,69700,69700,69700,69700,69700,69700,69700,69700,69700,69700,69700,69700,69700,69700,69700,69700,69700,69700,69700,69700,69700,69700,69700,69700,69700,69700,69700,69700,69700,69700,69700,69700,69700,69700,69700,69700,69700,69700,69700,69700,69700,69700,69700,69700,69700,69700,69700,69700,69700,69700,69700,69700,69700,69700,69700,69700,69700,69700,69700,69700
Germany,356970,356970,356970,356970,356970,356970,356970,356970,356970,356970,356970,356970,356970,356970,356970,356970,356970,356970,356970,356970,356970,356970,356970,356970,356970,356970,356970,356970,356970,356970,356970,356970,356990,357000,357020,357030,357030,357030,357030,357030,357030,357040,357040,357050,357090,357100,357100,357110,357120,357130,357140,357170,357340,357380,357410,357580,357580,357580,357580,357590,357590
Ghana,238540,238540,238540,238540,238540,238540,238540,238540,238540,238540,238540,238540,238540,238540,238540,238540,238540,238540,238540,238540,238540,238540,238540,238540,238540,238540,238540,238540,238540,238540,238540,238540,238540,238540,238540,238540,238540,238540,238540,238540,238540,238540,238540,238540,238540,238540,238540,238540,238540,238540,238540,238540,238540,238540,238540,238540,238540,238540,238530,238530,238530
Gibraltar,10,10,10,10,10,10,10,10,10,10,10,10,10,10,10,10,10,10,10,10,10,10,10,10,10,10,10,10,10,10,10,10,10,10,10,10,10,10,10,10,10,10,10,10,10,10,10,10,10,10,10,10,10,10,10,10,10,10,10,10,10
Greece,131960,131960,131960,131960,131960,131960,131960,131960,131960,131960,131960,131960,131960,131960,131960,131960,131960,131960,131960,131960,131960,131960,131960,131960,131960,131960,131960,131960,131960,131960,131960,131960,131960,131960,131960,131960,131960,131960,131960,131960,131960,131960,131960,131960,131960,131960,131960,131960,131960,131960,131960,131960,131960,131960,131960,131960,131960,131960,131960,131960,131960
Greenland,341700,341700,341700,341700,341700,341700,341700,341700,341700,341700,341700,341700,341700,341700,341700,341700,341700,341700,341700,341700,341700,341700,341700,341700,341700,341700,341700,341700,341700,341700,341700,341700,341700,341700,341700,341700,410450,410450,410450,410450,410450,410450,410450,410450,410450,410450,410450,410450,410450,410450,410450,410450,410450,410450,410450,410450,410450,410450,410450,410450,410450
Grenada,340,340,340,340,340,340,340,340,340,340,340,340,340,340,340,340,340,340,340,340,340,340,340,340,340,340,340,340,340,340,340,340,340,340,340,340,340,340,340,340,340,340,340,340,340,340,340,340,340,340,340,340,340,340,340,340,340,340,340,340,340
Guam,540,540,540,540,540,540,540,540,540,540,540,540,540,540,540,540,540,540,540,540,540,540,540,540,540,540,540,540,540,540,540,540,540,540,540,540,540,540,540,540,540,540,540,540,540,540,540,540,540,540,540,540,540,540,540,540,540,540,540,540,540
Guatemala,108890,108890,108890,108890,108890,108890,108890,108890,108890,108890,108890,108890,108890,108890,108890,108890,108890,108890,108890,108890,108890,108890,108890,108890,108890,108890,108890,108890,108890,108890,108890,108890,108890,108890,108890,108890,108890,108890,108890,108890,108890,108890,108890,108890,108890,108890,108890,108890,108890,108890,108890,108890,108890,108890,108890,108890,108890,108890,108890,108890,108890
Guinea,245860,245860,245860,245860,245860,245860,245860,245860,245860,245860,245860,245860,245860,245860,245860,245860,245860,245860,245860,245860,245860,245860,245860,245860,245860,245860,245860,245860,245860,245860,245860,245860,245860,245860,245860,245860,245860,245860,245860,245860,245860,245860,245860,245860,245860,245860,245860,245860,245860,245860,245860,245860,245860,245860,245860,245860,245860,245860,245860,245860,245860
Guinea-Bissau,36130,36130,36130,36130,36130,36130,36130,36130,36130,36130,36130,36130,36130,36130,36130,36130,36130,36130,36130,36130,36130,36130,36130,36130,36130,36130,36130,36130,36130,36130,36130,36130,36130,36130,36130,36130,36130,36130,36130,36130,36130,36130,36130,36130,36130,36130,36130,36130,36130,36130,36130,36130,36130,36130,36130,36130,36130,36130,36130,36130,36130
Guyana,214970,214970,214970,214970,214970,214970,214970,214970,214970,214970,214970,214970,214970,214970,214970,214970,214970,214970,214970,214970,214970,214970,214970,214970,214970,214970,214970,214970,214970,214970,214970,214970,214970,214970,214970,214970,214970,214970,214970,214970,214970,214970,214970,214970,214970,214970,214970,214970,214970,214970,214970,214970,214970,214970,214970,214970,214970,214970,214970,214970,214970
Haiti,27750,27750,27750,27750,27750,27750,27750,27750,27750,27750,27750,27750,27750,27750,27750,27750,27750,27750,27750,27750,27750,27750,27750,27750,27750,27750,27750,27750,27750,27750,27750,27750,27750,27750,27750,27750,27750,27750,27750,27750,27750,27750,27750,27750,27750,27750,27750,27750,27750,27750,27750,27750,27750,27750,27750,27750,27750,27750,27750,27750,27750
Honduras,112490,112490,112490,112490,112490,112490,112490,112490,112490,112490,112490,112490,112490,112490,112490,112490,112490,112490,112490,112490,112490,112490,112490,112490,112490,112490,112490,112490,112490,112490,112490,112490,112490,112490,112490,112490,112490,112490,112490,112490,112490,112490,112490,112490,112490,112490,112490,112490,112490,112490,112490,112490,112490,112490,112490,112490,112490,112490,112490,112490,112490
Hong Kong,1070,1070,1070,1070,1070,1070,1070,1070,1070,1070,1070,1070,1070,1070,1070,1070,1070,1070,1070,1070,1070,1070,1070,1070,1070,1070,1070,1070,1070,1070,1070,1070,1070,1070,1080,1090,1090,1090,1090,1100,1100,1100,1100,1100,1100,1100,1100,1100,1100,1100,1100,1100,1100,1105,1106,1110,1110,1110,1110,1110,1110
Hungary,93030,93030,93030,93030,93030,93030,93030,93030,93030,93030,93030,93030,93030,93030,93030,93030,93030,93030,93030,93030,93030,93030,93030,93030,93030,93030,93030,93030,93030,93030,93030,93030,93030,93030,93030,93030,93030,93030,93030,93030,93030,93030,93030,93030,93030,93030,93030,93030,93030,93030,93030,93030,93030,93030,93030,93030,93030,93030,93030,93030,93030
Iceland,103000,103000,103000,103000,103000,103000,103000,103000,103000,103000,103000,103000,103000,103000,103000,103000,103000,103000,103000,103000,103000,103000,103000,103000,103000,103000,103000,103000,103000,103000,103000,103000,103000,103000,103000,103000,103000,103000,103000,103000,103000,103000,103000,103000,103000,103000,103000,103000,103000,103000,103000,103000,103000,103000,103000,103000,103000,103000,103000,103000,103000
India,3287260,3287260,3287260,3287260,3287260,3287260,3287260,3287260,3287260,3287260,3287260,3287260,3287260,3287260,3287260,3287260,3287260,3287260,3287260,3287260,3287260,3287260,3287260,3287260,3287260,3287260,3287260,3287260,3287260,3287260,3287260,3287260,3287260,3287260,3287260,3287260,3287260,3287260,3287260,3287260,3287260,3287260,3287260,3287260,3287260,3287260,3287260,3287260,3287260,3287260,3287260,3287260,3287260,3287260,3287260,3287260,3287260,3287260,3287260,3287260,3287260
Indonesia,1910930,1910930,1910930,1910930,1910930,1910930,1910930,1910930,1910930,1910930,1910930,1910930,1910930,1910930,1910930,1910930,1910930,1910930,1910930,1910930,1910930,1910930,1910930,1910930,1910930,1910930,1910930,1910930,1910930,1910930,1910930,1910930,1910930,1910930,1910930,1910930,1910930,1910930,1910930,1910930,1910930,1910930,1910930,1910930,1910930,1910930,1910930,1910930,1910930,1910930,1910930,1910930,1910930,1910931,1913580,1913580,1916820,1916862.2,1916906.77,1916906.77,1916906.77
Iran,1745150,1745150,1745150,1745150,1745150,1745150,1745150,1745150,1745150,1745150,1745150,1745150,1745150,1745150,1745150,1745150,1745150,1745150,1745150,1745150,1745150,1745150,1745150,1745150,1745150,1745150,1745150,1745150,1745150,1745150,1745150,1745150,1745150,1745150,1745150,1745150,1745150,1745150,1745150,1745150,1745150,1745150,1745150,1745150,1745150,1745150,1745150,1745150,1745150,1745150,1745150,1745150,1745150,1745150,1745150,1745150,1745150,1745150,1745150,1745150,1745150
Iraq,438320,438320,438320,438320,438320,438320,438320,438320,438320,438320,438320,438320,438320,438320,438320,438320,438320,438320,438320,438320,438320,438320,438320,438320,438320,438320,438320,438320,438320,438320,438320,438320,438320,438320,438320,438320,438320,438320,438320,438320,438320,438320,438320,438320,438320,438320,438320,438320,435240,435240,435240,435240,435052,435052,435052,435052,435052,435052,435052,435052,435050
Ireland,70280,70280,70280,70280,70280,70280,70280,70280,70280,70280,70280,70280,70280,70280,70280,70280,70280,70280,70280,70280,70280,70280,70280,70280,70280,70280,70280,70280,70280,70280,70280,70280,70280,70280,70280,70280,70280,70280,70280,70280,70280,70280,70280,70280,70280,70280,70280,70280,70280,70280,70280,70280,70280,70280,70280,70280,70280,70280,70280,70280,70280
Isle of Man,570,570,570,570,570,570,570,570,570,570,570,570,570,570,570,570,570,570,570,570,570,570,570,570,570,570,570,570,570,570,570,570,570,570,570,570,570,570,570,570,570,570,570,570,570,570,570,570,570,570,570,570,570,570,570,570,570,570,570,570,570
Israel,22070,22070,22070,22070,22070,22070,22070,22070,22070,22070,22070,22070,22070,22070,22070,22070,22070,22070,22070,22070,22070,22070,22070,22070,22070,22070,22070,22070,22070,22070,22070,22070,22070,22070,22070,22070,22070,22070,22070,22070,22070,22070,22070,22070,22070,22070,22070,22070,22070,22070,22070,22070,22070,22070,22070,22070,22070,22070,22070,22070,22070
Italy,301340,301340,301340,301340,301340,301340,301340,301340,301340,301340,301340,301340,301340,301340,301340,301340,301340,301340,301340,301340,301340,301340,301340,301340,301340,301340,301340,301340,301340,301340,301340,301340,301340,301340,301340,301340,301340,301340,301340,302069,302069,302069,302069,302069,302069,302069,302069,302069,302069,302069,302069,302069,302069,302069,302069,302069,302069,302069,302068,302068,302068
Jamaica,10990,10990,10990,10990,10990,10990,10990,10990,10990,10990,10990,10990,10990,10990,10990,10990,10990,10990,10990,10990,10990,10990,10990,10990,10990,10990,10990,10990,10990,10990,10990,10990,10990,10990,10990,10990,10990,10990,10990,10990,10990,10990,10990,10990,10990,10990,10990,10990,10990,10990,10990,10990,10990,10990,10990,10990,10990,10990,10990,10990,10990
Japan,377800,377800,377800,377800,377800,377800,377800,377800,377800,377800,377800,377800,377800,377800,377800,377800,377800,377800,377800,377800,377800,377800,377800,377800,377800,377800,377800,377800,377800,377800,377800,377800,377800,377800,377800,377800,377800,377800,377800,377800,377880,377890,377900,377910,377910,377920,377930,377940,377947,377950,377955,377960,377962,377962,377971,377970,377970,377974,377974,377974,377974
Jordan,88780,88780,88780,88780,88780,88780,88780,88780,88780,88780,88780,88780,88780,88780,88780,88780,88780,88780,88780,88780,88780,88780,88780,88780,88780,88780,88780,88780,88780,88780,88780,88780,88780,88780,88780,88780,88780,88780,88780,88780,88780,88780,88780,88780,88780,88780,88780,88780,89320,89320,89320,89320,89320,89320,89320,89320,89320,89320,89318,89318,89318
Kazakhstan,2724902,2724902,2724902,2724902,2724902,2724902,2724902,2724902,2724902,2724902,2724902,2724902,2724902,2724902,2724902,2724902,2724902,2724902,2724902,2724902,2724902,2724902,2724902,2724902,2724902,2724902,2724902,2724902,2724902,2724902,2724902,2724902,2724902,2724902,2724902,2724902,2724902,2724902,2724902,2724902,2724902,2724902,2724902,2724902,2724902,2724902,2724902,2724902,2724902,2724902,2724902,2724902,2724902,2724902,2724902,2724902,2724902,2724902,2724902,2724900,2724900
Kenya,580370,580370,580370,580370,580370,580370,580370,580370,580370,580370,580370,580370,580370,580370,580370,580370,580370,580370,580370,580370,580370,580370,580370,580370,580370,580370,580370,580370,580370,580370,580370,580370,580370,580370,580370,580370,580370,580370,580370,580370,580370,580370,580370,580370,580370,580370,580370,580370,580370,580370,580370,580370,580370,580370,580370,580370,580370,580370,580370,580370,580370
Kiribati,810,810,810,810,810,810,810,810,810,810,810,810,810,810,810,810,810,810,810,810,810,810,810,810,810,810,810,810,810,810,810,810,810,810,810,810,810,810,810,810,810,810,810,810,810,810,810,810,810,810,810,810,810,810,810,810,810,810,810,810,810
North Korea,120540,120540,120540,120540,120540,120540,120540,120540,120540,120540,120540,120540,120540,120540,120540,120540,120540,120540,120540,120540,120540,120540,120540,120540,120540,120540,120540,120540,120540,120540,120540,120540,120540,120540,120540,120540,120540,120540,120540,120540,120540,120540,120540,120540,120540,120540,120540,120540,120540,120540,120540,120540,120540,120540,120540,120540,120540,120540,120540,120540,120540
South Korea,99260,99260,99260,99260,99260,99260,99260,99260,99260,99260,99260,99260,99260,99260,99260,99260,99260,99260,99260,99260,99260,99260,99260,99260,99260,99260,99260,99260,99260,99260,99260,99260,99260,99260,99260,99260,99260,99260,99260,99260,99540,99590,99600,99620,99650,99680,99720,99830,99900,100030,100030,100150,100266,100280,100295,100339,100360,100380,100400,100410,100430
Kosovo,,,,,,,,,,,,,,,,,,,,,,,,,,,,,,,,,,,,,,,,,,,,,,,,,,,,,,,,,,,,,
Kuwait,17820,17820,17820,17820,17820,17820,17820,17820,17820,17820,17820,17820,17820,17820,17820,17820,17820,17820,17820,17820,17820,17820,17820,17820,17820,17820,17820,17820,17820,17820,17820,17820,17820,17820,17820,17820,17820,17820,17820,17820,17820,17820,17820,17820,17820,17820,17820,17820,17820,17820,17820,17820,17820,17820,17820,17820,17820,17820,17820,17820,17820
Kyrgyz Republic,199950,199950,199950,199950,199950,199950,199950,199950,199950,199950,199950,199950,199950,199950,199950,199950,199950,199950,199950,199950,199950,199950,199950,199950,199950,199950,199950,199950,199950,199950,199950,199950,199950,199950,199950,199950,199950,199950,199950,199950,199950,199950,199950,199950,199950,199950,199950,199950,199949,199949,199949,199949,199949,199949,199949,199950,199950,199950,199949,199950,199950
Laos,236800,236800,236800,236800,236800,236800,236800,236800,236800,236800,236800,236800,236800,236800,236800,236800,236800,236800,236800,236800,236800,236800,236800,236800,236800,236800,236800,236800,236800,236800,236800,236800,236800,236800,236800,236800,236800,236800,236800,236800,236800,236800,236800,236800,236800,236800,236800,236800,236800,236800,236800,236800,236800,236800,236800,236800,236800,236800,236800,236800,236800
Latvia,64594,64594,64594,64594,64594,64594,64594,64594,64594,64594,64594,64594,64594,64594,64594,64594,64594,64594,64594,64594,64594,64594,64594,64594,64594,64594,64594,64594,64594,64594,64594,64594,64594,64594,64594,64594,64594,64594,64594,64594,64594,64594,64594,64594,64594,64594,64594,64594,64594,64594,64594,64594,64594,64594,64594,64594,64594,64594,64594,64590,64590
Lebanon,10450,10450,10450,10450,10450,10450,10450,10450,10450,10450,10450,10450,10450,10450,10450,10450,10450,10450,10450,10450,10450,10450,10450,10450,10450,10450,10450,10450,10450,10450,10450,10450,10450,10450,10450,10450,10450,10450,10450,10450,10450,10450,10450,10450,10450,10450,10450,10450,10450,10450,10450,10450,10450,10450,10450,10450,10450,10450,10450,10450,10450
Lesotho,30360,30360,30360,30360,30360,30360,30360,30360,30360,30360,30360,30360,30360,30360,30360,30360,30360,30360,30360,30360,30360,30360,30360,30360,30360,30360,30360,30360,30360,30360,30360,30360,30360,30360,30360,30360,30360,30360,30360,30360,30360,30360,30360,30360,30360,30360,30360,30360,30360,30360,30360,30360,30360,30360,30360,30360,30360,30360,30360,30360,30360
Liberia,111370,111370,111370,111370,111370,111370,111370,111370,111370,111370,111370,111370,111370,111370,111370,111370,111370,111370,111370,111370,111370,111370,111370,111370,111370,111370,111370,111370,111370,111370,111370,111370,111370,111370,111370,111370,111370,111370,111370,111370,111370,111370,111370,111370,111370,111370,111370,111370,111370,111370,111370,111370,111370,111370,111370,111370,111370,111370,111370,111370,111370
Libya,1759540,1759540,1759540,1759540,1759540,1759540,1759540,1759540,1759540,1759540,1759540,1759540,1759540,1759540,1759540,1759540,1759540,1759540,1759540,1759540,1759540,1759540,1759540,1759540,1759540,1759540,1759540,1759540,1759540,1759540,1759540,1759540,1759540,1759540,1759540,1759540,1759540,1759540,1759540,1759540,1759540,1759540,1759540,1759540,1759540,1759540,1759540,1759540,1759540,1759540,1759540,1759540,1759540,1759540,1759540,1759540,1759540,1759540,1759540,1759540,1759540
Liechtenstein,160,160,160,160,160,160,160,160,160,160,160,160,160,160,160,160,160,160,160,160,160,160,160,160,160,160,160,160,160,160,160,160,160,160,160,160,160,160,160,160,160,160,160,160,160,160,160,160,160,160,160,160,160,160,160,160,160,160,160,160,160
Lithuania,65300,65300,65300,65300,65300,65300,65300,65300,65300,65300,65300,65300,65300,65300,65300,65300,65300,65300,65300,65300,65300,65300,65300,65300,65300,65300,65300,65300,65300,65300,65300,65300,65300,65300,65300,65300,65300,65300,65300,65300,65300,65300,65300,65300,65300,65300,65300,65300,65300,65300,65300,65300,65300,65286,65286,65286,65286,65290,65290,65290,65290
Luxembourg,,,,,,,,,,,,,,,,,,,,,,,,,,,,,,,,,,,,,,,,2590,2590,2590,2590,2590,2590,2590,2590,2590,2590,2590,2590,2590,2590,2590,2590,2590,2590,2590,2590,2590,2590
Macau,20,20,20,20,20,20,20,20,20,20,20,20,20,20,20,20,20,20,20,20,20,20,20,20,20,20,20,20,20,20,20,20,20,20,20,20,20,20,20,20,26,27,27,28,28,28.6,29.2,29.2,29.5,29.7,29.9,29.9,30.3,30.3,30.4,30.5,30.8,32.9,32.9,32.9,33
Madagascar,587040,587040,587040,587040,587040,587040,587040,587040,587040,587040,587040,587040,587040,587040,587040,587040,587040,587040,587040,587040,587040,587040,587040,587040,587040,587040,587040,587040,587040,587040,587040,587040,587040,587040,587040,587040,587040,587040,587040,587040,587040,587040,587040,587040,587040,587040,587040,587040,587040,587040,587295,587295,587295,587295,587295,587295,587295,587295,587295,587295,587295
Malawi,118480,118480,118480,118480,118480,118480,118480,118480,118480,118480,118480,118480,118480,118480,118480,118480,118480,118480,118480,118480,118480,118480,118480,118480,118480,118480,118480,118480,118480,118480,118480,118480,118480,118480,118480,118480,118480,118480,118480,118480,118480,118480,118480,118480,118480,118480,118480,118480,118480,118480,118480,118480,118480,118480,118480,118480,118480,118480,118480,118480,118480
Malaysia,330800,330800,330800,330800,330800,330800,330800,330800,330800,330800,330800,330800,330800,330800,330800,330800,330800,330800,330800,330800,330800,330800,330800,330800,330800,330800,330800,330800,330800,330800,330800,330800,330800,330800,330800,330800,330800,330800,330800,330800,330800,330800,330800,330800,330800,330800,330800,330800,330800,330800,330800,330800,330396,330396,330345,330713,330621,330524,330241,330241,330411
Maldives,300,300,300,300,300,300,300,300,300,300,300,300,300,300,300,300,300,300,300,300,300,300,300,300,300,300,300,300,300,300,300,300,300,300,300,300,300,300,300,300,300,300,300,300,300,300,300,300,300,300,300,300,300,300,300,300,300,300,300,300,300
Mali,1240190,1240190,1240190,1240190,1240190,1240190,1240190,1240190,1240190,1240190,1240190,1240190,1240190,1240190,1240190,1240190,1240190,1240190,1240190,1240190,1240190,1240190,1240190,1240190,1240190,1240190,1240190,1240190,1240190,1240190,1240190,1240190,1240190,1240190,1240190,1240190,1240190,1240190,1240190,1240190,1240190,1240190,1240190,1240190,1240190,1240190,1240190,1240190,1240190,1240190,1240190,1240190,1240190,1240190,1240190,1240190,1240190,1240190,1240190,1240190,1240190
Malta,320,320,320,320,320,320,320,320,320,320,320,320,320,320,320,320,320,320,320,320,320,320,320,320,320,320,320,320,320,320,320,320,320,320,320,320,320,320,320,320,320,320,320,320,320,320,320,320,320,320,320,320,320,320,320,320,320,320,320,320,320
Marshall Islands,180,180,180,180,180,180,180,180,180,180,180,180,180,180,180,180,180,180,180,180,180,180,180,180,180,180,180,180,180,180,180,180,180,180,180,180,180,180,180,180,180,180,180,180,180,180,180,180,180,180,180,180,180,180,180,180,180,180,180,180,180
Mauritania,1030700,1030700,1030700,1030700,1030700,1030700,1030700,1030700,1030700,1030700,1030700,1030700,1030700,1030700,1030700,1030700,1030700,1030700,1030700,1030700,1030700,1030700,1030700,1030700,1030700,1030700,1030700,1030700,1030700,1030700,1030700,1030700,1030700,1030700,1030700,1030700,1030700,1030700,1030700,1030700,1030700,1030700,1030700,1030700,1030700,1030700,1030700,1030700,1030700,1030700,1030700,1030700,1030700,1030700,1030700,1030700,1030700,1030700,1030700,1030700,1030700
Mauritius,2040,2040,2040,2040,2040,2040,2040,2040,2040,2040,2040,2040,2040,2040,2040,2040,2040,2040,2040,2040,2040,2040,2040,2040,2040,2040,2040,2040,2040,2040,2040,2040,2040,2040,2040,2040,2040,2040,2040,2040,2040,2040,2040,2040,2040,2040,2040,2040,2040,2040,2007,2007,2007,2007,2007,2007,2007,2007,2007,2007,2007
Mexico,1964380,1964380,1964380,1964380,1964380,1964380,1964380,1964380,1964380,1964380,1964380,1964380,1964380,1964380,1964380,1964380,1964380,1964380,1964380,1964380,1964380,1964380,1964380,1964380,1964380,1964380,1964380,1964380,1964380,1964380,1964380,1964380,1964380,1964380,1964380,1964380,1964380,1964380,1964380,1964380,1964380,1964380,1964380,1964380,1964380,1964380,1964380,1964380,1964380,1964380,1964380,1964380,1964380,1964375,1964375,1964375,1964375,1964375,1964375,1964375,1964375
"Micronesia, Fed. Sts.",700,700,700,700,700,700,700,700,700,700,700,700,700,700,700,700,700,700,700,700,700,700,700,700,700,700,700,700,700,700,700,700,700,700,700,700,700,700,700,700,700,700,700,700,700,700,700,700,700,700,700,700,700,700,700,700,700,700,700,700,700
Moldova,33760,33760,33760,33760,33760,33760,33760,33760,33760,33760,33760,33760,33760,33760,33760,33760,33760,33760,33760,33760,33760,33760,33760,33760,33760,33760,33760,33760,33760,33760,33760,33760,33840,33840,33850,33850,33840,33840,33840,33840,33840,33840,33840,33850,33850,33850,33850,33850,33850,33850,33850,33850,33850,33850,33850,33850,33850,33850,33850,33850,33850
Monaco,2.027,2.027,2.027,2.027,2.027,2.027,2.027,2.027,2.027,2.027,2.027,2.027,2.027,2.027,2.027,2.027,2.027,2.027,2.027,2.027,2.027,2.027,2.027,2.027,2.027,2.027,2.027,2.027,2.027,2.027,2.027,2.027,2.027,2.027,2.027,2.027,2.027,2.027,2.027,2.027,2.027,2.027,2.027,2.027,2.027,2.027,74.92,74.92,74.92,74.92,74.92,74.92,74.92,74.92,74.92,74.92,74.92,74.92,74.92,74.92,90.084
Mongolia,1564120,1564120,1564120,1564120,1564120,1564120,1564120,1564120,1564120,1564120,1564120,1564120,1564120,1564120,1564120,1564120,1564120,1564120,1564120,1564120,1564120,1564120,1564120,1564120,1564120,1564120,1564120,1564120,1564120,1564120,1564120,1564120,1564120,1564120,1564120,1564120,1564120,1564120,1564120,1564120,1564120,1564120,1564120,1564120,1564120,1564120,1564120,1564120,1564120,1564120,1564120,1564120,1564120,1564120,1564120,1564120,1564116,1564116,1564116,1564115.749,1564116
Montenegro,13810,13810,13810,13810,13810,13810,13810,13810,13810,13810,13810,13810,13810,13810,13810,13810,13810,13810,13810,13810,13810,13810,13810,13810,13810,13810,13810,13810,13810,13810,13810,13810,13810,13810,13810,13810,13810,13810,13810,13810,13810,13810,13810,13810,13810,13810,13810,13810,13810,13810,13810,13810,13810,13810,13810,13810,13810,13810,13810,13810,13810
Morocco,446550,446550,446550,446550,446550,446550,446550,446550,446550,446550,446550,446550,446550,446550,446550,446550,446550,446550,446550,446550,446550,446550,446550,446550,446550,446550,446550,446550,446550,446550,446550,446550,446550,446550,446550,446550,446550,446550,446550,446550,446550,446550,446550,446550,446550,446550,446550,446550,446550,446550,446550,446550,446550,446550,446550,446550,446550,446550,446550,446550,446550
Mozambique,799380,799380,799380,799380,799380,799380,799380,799380,799380,799380,799380,799380,799380,799380,799380,799380,799380,799380,799380,799380,799380,799380,799380,799380,799380,799380,799380,799380,799380,799380,799380,799380,799380,799380,799380,799380,799380,799380,799380,799380,799380,799380,799380,799380,799380,799380,799380,799380,799380,799380,799380,799380,799380,799380,799380,799380,799380,799380,799380,799380,799380
Myanmar,676590,676590,676590,676590,676590,676590,676590,676590,676590,676590,676590,676590,676590,676590,676590,676590,676590,676590,676590,676590,676590,676590,676590,676590,676590,676590,676590,676590,676590,676590,676590,676590,676590,676590,676590,676590,676590,676590,676590,676590,676590,676590,676590,676590,676590,676590,676590,676590,676590,676590,676590,676590,676590,676590,676590,676590,676590,676590,676590,676590,676590
Namibia,824290,824290,824290,824290,824290,824290,824290,824290,824290,824290,824290,824290,824290,824290,824290,824290,824290,824290,824290,824290,824290,824290,824290,824290,824290,824290,824290,824290,824290,824290,824290,824290,824290,824290,824290,824290,824290,824290,824290,824290,824290,824290,824290,824290,824290,824290,824290,824290,824290,824290,824290,824290,824290,824290,824290,824290,824290,824290,824290,824290,824290
Nauru,20,20,20,20,20,20,20,20,20,20,20,20,20,20,20,20,20,20,20,20,20,20,20,20,20,20,20,20,20,20,20,20,20,20,20,20,20,20,20,20,20,20,20,20,20,20,20,20,20,20,20,20,20,20,20,20,20,20,20,20,20
Nepal,147180,147180,147180,147180,147180,147180,147180,147180,147180,147180,147180,147180,147180,147180,147180,147180,147180,147180,147180,147180,147180,147180,147180,147180,147180,147180,147180,147180,147180,147180,147180,147180,147180,147180,147180,147180,147180,147180,147180,147180,147180,147180,147180,147180,147180,147180,147180,147180,147180,147180,147180,147180,147180,147180,147180,147180,147180,147180,147180,147180,147180
Netherlands,41530,41530,41530,41530,41530,41530,41530,41530,41530,41530,41530,41530,41530,41530,41530,41530,41530,41530,41530,41530,41530,41530,41530,41530,41530,41530,41530,41530,41530,41530,41530,41530,41530,41530,41530,41530,41530,41530,41530,41530,41530,41530,41530,41530,41540,41540,41540,41540,41540,41540,41540,41540,41540,41540,41540,41540,41540,41540,41540,41540,41540
New Caledonia,18580,18580,18580,18580,18580,18580,18580,18580,18580,18580,18580,18580,18580,18580,18580,18580,18580,18580,18580,18580,18580,18580,18580,18580,18580,18580,18580,18580,18580,18580,18580,18580,18580,18580,18580,18580,18580,18580,18580,18580,18580,18580,18580,18580,18580,18580,18580,18580,18580,18580,18580,18580,18580,18580,18580,18580,18580,18580,18580,18580,18580
New Zealand,267710,267710,267710,267710,267710,267710,267710,267710,267710,267710,267710,267710,267710,267710,267710,267710,267710,267710,267710,267710,267710,267710,267710,267710,267710,267710,267710,267710,267710,267710,267710,267710,267710,267710,267710,267710,267710,267710,267710,267710,267710,267710,267710,267710,267710,267710,267710,267710,267710,267710,267710,267710,267710,267710,267710,267710,267710,267710,267710,267710,267710
Nicaragua,130370,130370,130370,130370,130370,130370,130370,130370,130370,130370,130370,130370,130370,130370,130370,130370,130370,130370,130370,130370,130370,130370,130370,130370,130370,130370,130370,130370,130370,130370,130370,130370,130370,130370,130370,130370,130370,130370,130370,130370,130370,130370,130370,130370,130370,130370,130370,130370,130370,130370,130370,130370,130370,130370,130370,130370,130370,130370,130370,130370,130370
Niger,1267000,1267000,1267000,1267000,1267000,1267000,1267000,1267000,1267000,1267000,1267000,1267000,1267000,1267000,1267000,1267000,1267000,1267000,1267000,1267000,1267000,1267000,1267000,1267000,1267000,1267000,1267000,1267000,1267000,1267000,1267000,1267000,1267000,1267000,1267000,1267000,1267000,1267000,1267000,1267000,1267000,1267000,1267000,1267000,1267000,1267000,1267000,1267000,1267000,1267000,1267000,1267000,1267000,1267000,1267000,1267000,1267000,1267000,1267000,1267000,1267000
Nigeria,923770,923770,923770,923770,923770,923770,923770,923770,923770,923770,923770,923770,923770,923770,923770,923770,923770,923770,923770,923770,923770,923770,923770,923770,923770,923770,923770,923770,923770,923770,923770,923770,923770,923770,923770,923770,923770,923770,923770,923770,923770,923770,923770,923770,923770,923770,923770,923770,923770,923770,923770,923770,923770,923770,923770,923770,923770,923770,923770,923770,923770
North Macedonia,25710,25710,25710,25710,25710,25710,25710,25710,25710,25710,25710,25710,25710,25710,25710,25710,25710,25710,25710,25710,25710,25710,25710,25710,25710,25710,25710,25710,25710,25710,25710,25710,25710,25710,25710,25710,25710,25710,25710,25710,25710,25710,25710,25710,25710,25710,25710,25710,25710,25710,25710,25710,25710,25710,25710,25710,25710,25710,25710,25710,25710
Northern Mariana Islands,460,460,460,460,460,460,460,460,460,460,460,460,460,460,460,460,460,460,460,460,460,460,460,460,460,460,460,460,460,460,460,460,460,460,460,460,460,460,460,460,460,460,460,460,460,460,460,460,460,460,460,460,460,460,460,460,460,460,460,460,460
Norway,385178,385178,385178,385178,385178,385178,385178,385178,385178,385178,385178,385178,385178,385178,385178,385178,385178,385178,385178,385178,385178,385178,385178,385178,385178,385178,385178,385178,385178,385178,385178,385178,385178,385178,385178,385178,385178,385178,385178,385178,385178,385178,385178,385178,385178,385178,385178,385178,385178,385178,385178,385178,625217.11,625222,625184.78,625194,625217,625222,625218,624499,624500
Oman,309500,309500,309500,309500,309500,309500,309500,309500,309500,309500,309500,309500,309500,309500,309500,309500,309500,309500,309500,309500,309500,309500,309500,309500,309500,309500,309500,309500,309500,309500,309500,309500,309500,309500,309500,309500,309500,309500,309500,309500,309500,309500,309500,309500,309500,309500,309500,309500,309500,309500,309500,309500,309500,309500,309500,309500,309500,309500,309500,309500,309500
Pakistan,796100,796100,796100,796100,796100,796100,796100,796100,796100,796100,796100,796100,796100,796100,796100,796100,796100,796100,796100,796100,796100,796100,796100,796100,796100,796100,796100,796100,796100,796100,796100,796100,796100,796100,796100,796100,796100,796100,796100,796100,796100,796100,796100,796100,796100,796100,796100,796100,796100,796100,796100,796100,796100,796100,796100,796100,796100,796100,796100,796100,796100
Palau,460,460,460,460,460,460,460,460,460,460,460,460,460,460,460,460,460,460,460,460,460,460,460,460,460,460,460,460,460,460,460,460,460,460,460,460,460,460,460,460,460,460,460,460,460,460,460,460,460,460,460,460,460,460,460,460,460,460,460,460,460
Panama,75420,75420,75420,75420,75420,75420,75420,75420,75420,75420,75420,75420,75420,75420,75420,75420,75420,75420,75420,75420,75420,75420,75420,75420,75420,75420,75420,75420,75420,75420,75420,75420,75420,75420,75420,75420,75420,75420,75420,75420,75420,75420,75420,75420,75420,75420,75420,75420,75420,75420,75420,75420,75420,75320,75320,75320,75320,75320,75320,75320,75320
Papua New Guinea,462840,462840,462840,462840,462840,462840,462840,462840,462840,462840,462840,462840,462840,462840,462840,462840,462840,462840,462840,462840,462840,462840,462840,462840,462840,462840,462840,462840,462840,462840,462840,462840,462840,462840,462840,462840,462840,462840,462840,462840,462840,462840,462840,462840,462840,462840,462840,462840,462840,462840,462840,462840,462840,462840,462840,462840,462840,462840,462840,462840,462840
Paraguay,406750,406750,406750,406750,406750,406750,406750,406750,406750,406750,406750,406750,406750,406750,406750,406750,406750,406750,406750,406750,406750,406750,406750,406750,406750,406750,406750,406750,406750,406750,406750,406750,406750,406750,406750,406750,406750,406750,406750,406750,406750,406750,406750,406750,406750,406750,406750,406750,406750,406752,406752,406752,406752,406752,406752,406752,406752,406752,406752,406752,406752
Peru,1285220,1285220,1285220,1285220,1285220,1285220,1285220,1285220,1285220,1285220,1285220,1285220,1285220,1285220,1285220,1285220,1285220,1285220,1285220,1285220,1285220,1285220,1285220,1285220,1285220,1285220,1285220,1285220,1285220,1285220,1285220,1285220,1285220,1285220,1285220,1285220,1285220,1285220,1285220,1285220,1285220,1285220,1285220,1285220,1285220,1285220,1285220,1285220,1285220,1285220,1285220,1285220,1285220,1285220,1285220,1285220,1285220,1285220,1285220,1285220,1285220
Philippines,300000,300000,300000,300000,300000,300000,300000,300000,300000,300000,300000,300000,300000,300000,300000,300000,300000,300000,300000,300000,300000,300000,300000,300000,300000,300000,300000,300000,300000,300000,300000,300000,300000,300000,300000,300000,300000,300000,300000,300000,300000,300000,300000,300000,300000,300000,300000,300000,300000,300000,300000,300000,300000,300000,300000,300000,300000,300000,300000,300000,300000
Poland,312690,312690,312690,312690,312690,312690,312690,312690,312690,312690,312690,312690,312690,312690,312690,312690,312690,312690,312690,312690,312690,312690,312690,312690,312690,312690,312690,312690,312690,312690,312690,312690,312690,312690,312690,312690,312690,312690,312690,312690,312690,312690,312690,312690,312690,312680,312680,312680,312680,312680,312680,312680,312680,312680,312680,312680,312680,312690,312690,312710,312710
Portugal,92120,92120,92120,92120,92120,92120,92120,92120,92120,92120,92120,92120,92120,92120,92120,92120,92120,92120,92120,92120,92120,92120,92120,92120,92120,92120,92120,92120,92120,92120,92120,92120,92120,92120,92120,92120,92120,92120,92120,92120,92120,92120,92120,92120,92090,92090,92090,92090,92210,92210,92210,92210,92225.2,92225.6,92225.6,92225.6,92225.6,92225.6,92230,92230,92230
Puerto Rico,8870,8870,8870,8870,8870,8870,8870,8870,8870,8870,8870,8870,8870,8870,8870,8870,8870,8870,8870,8870,8870,8870,8870,8870,8870,8870,8870,8870,8870,8870,8870,8870,8870,8870,8870,8870,8870,8870,8870,8870,8870,8870,8870,8870,8870,8870,8870,8870,8870,8870,8870,8870,8870,8870,8870,8870,8870,8870,8870,8870,8870
Qatar,11610,11610,11610,11610,11610,11610,11610,11610,11610,11610,11610,11610,11610,11610,11610,11610,11610,11610,11610,11610,11610,11610,11610,11610,11610,11610,11610,11610,11610,11610,11610,11610,11610,11610,11610,11610,11610,11610,11610,11610,11610,11610,11610,11610,11610,11610,11610,11610,11610,11610,11610,11610,11610,11490,11490,11490,11490,11490,11490,11490,11490
Romania,238390,238390,238390,238390,238390,238390,238390,238390,238390,238390,238390,238390,238390,238390,238390,238390,238390,238390,238390,238390,238390,238390,238390,238390,238390,238390,238390,238390,238390,238390,238390,238390,238390,238390,238390,238390,238390,238390,238390,238390,238390,238390,238390,238390,238390,238390,238390,238390,238390,238390,238390,238390,238400,238400,238400,238400,238400,238400,238400,238400,238400
Russia,17098240,17098240,17098240,17098240,17098240,17098240,17098240,17098240,17098240,17098240,17098240,17098240,17098240,17098240,17098240,17098240,17098240,17098240,17098240,17098240,17098240,17098240,17098240,17098240,17098240,17098240,17098240,17098240,17098240,17098240,17098240,17098240,17098240,17098240,17098240,17098240,17098240,17098240,17098240,17098240,17098240,17098240,17098240,17098240,17098240,17098240,17098240,17098240,17098240,17098250,17098250,17098250,17098250,17098250,17098250,17098250,17098250,17098250,17098250,17098250,17098250
Rwanda,26340,26340,26340,26340,26340,26340,26340,26340,26340,26340,26340,26340,26340,26340,26340,26340,26340,26340,26340,26340,26340,26340,26340,26340,26340,26340,26340,26340,26340,26340,26340,26340,26340,26340,26340,26340,26340,26340,26340,26340,26340,26340,26340,26340,26340,26340,26340,26340,26340,26340,26340,26340,26340,26340,26340,26340,26340,26340,26340,26340,26340
Samoa,2840,2840,2840,2840,2840,2840,2840,2840,2840,2840,2840,2840,2840,2840,2840,2840,2840,2840,2840,2840,2840,2840,2840,2840,2840,2840,2840,2840,2840,2840,2840,2840,2840,2840,2840,2840,2840,2840,2840,2840,2840,2840,2840,2840,2840,2840,2840,2840,2840,2840,2840,2840,2840,2840,2840,2840,2840,2840,2840,2840,2840
San Marino,60,60,60,60,60,60,60,60,60,60,60,60,60,60,60,60,60,60,60,60,60,60,60,60,60,60,60,60,60,60,60,60,60,60,60,60,60,60,60,60,60,60,60,60,60,60,60,60,60,60,60,60,60,60,60,60,60,60,60,60,60
Sao Tome and Principe,960,960,960,960,960,960,960,960,960,960,960,960,960,960,960,960,960,960,960,960,960,960,960,960,960,960,960,960,960,960,960,960,960,960,960,960,960,960,960,960,960,960,960,960,960,960,960,960,960,960,960,960,960,960,960,960,960,960,960,960,960
Saudi Arabia,2149690,2149690,2149690,2149690,2149690,2149690,2149690,2149690,2149690,2149690,2149690,2149690,2149690,2149690,2149690,2149690,2149690,2149690,2149690,2149690,2149690,2149690,2149690,2149690,2149690,2149690,2149690,2149690,2149690,2149690,2149690,2149690,2149690,2149690,2149690,2149690,2149690,2149690,2149690,2149690,2149690,2149690,2149690,2149690,2149690,2149690,2149690,2149690,2149690,2149690,2149690,2149690,2149690,2149690,2149690,2149690,2149690,2149690,2149690,2149690,2149690
Senegal,196710,196710,196710,196710,196710,196710,196710,196710,196710,196710,196710,196710,196710,196710,196710,196710,196710,196710,196710,196710,196710,196710,196710,196710,196710,196710,196710,196710,196710,196710,196710,196710,196710,196710,196710,196710,196710,196710,196710,196710,196710,196710,196710,196710,196710,196710,196710,196710,196710,196710,196710,196710,196710,196710,196710,196710,196710,196710,196710,196710,196710
Serbia,88360,88360,88360,88360,88360,88360,88360,88360,88360,88360,88360,88360,88360,88360,88360,88360,88360,88360,88360,88360,88360,88360,88360,88360,88360,88360,88360,88360,88360,88360,88360,88360,88360,88360,88360,88360,88360,88360,88360,88360,88360,88360,88360,88360,88360,88360,88360,88360,88360,88360,88360,88360,88360,88360,88360,88360,88360,88360,88360,84990,84990
Seychelles,460,460,460,460,460,460,460,460,460,460,460,460,460,460,460,460,460,460,460,460,460,460,460,460,460,460,460,460,460,460,460,460,460,460,460,460,460,460,460,460,460,460,460,460,460,460,460,460,460,460,460,460,460,460,460,460,460,460,460,460,460
Sierra Leone,72300,72300,72300,72300,72300,72300,72300,72300,72300,72300,72300,72300,72300,72300,72300,72300,72300,72300,72300,72300,72300,72300,72300,72300,72300,72300,72300,72300,72300,72300,72300,72300,72300,72300,72300,72300,72300,72300,72300,72300,72300,72300,72300,72300,72300,72300,72300,72300,72300,72300,72300,72300,72300,72300,72300,72300,72300,72300,72300,72300,72300
Singapore,680,680,680,680,680,680,680,680,680,680,680,680,680,680,680,680,680,680,680,680,680,680,680,680,680,680,680,680,680,680,680,680,680,680,680,680,680,680,680,680,680,685,697,699,699,704,705,710,710,712,714,716,717,719,719,719,722,724,726,728,728
Sint Maarten,34,34,34,34,34,34,34,34,34,34,34,34,34,34,34,34,34,34,34,34,34,34,34,34,34,34,34,34,34,34,34,34,34,34,34,34,34,34,34,34,34,34,34,34,34,34,34,34,34,34,34,34,34,34,34,34,34,34,34,34,34
Slovakia,49030,49030,49030,49030,49030,49030,49030,49030,49030,49030,49030,49030,49030,49030,49030,49030,49030,49030,49030,49030,49030,49030,49030,49030,49030,49030,49030,49030,49030,49030,49030,49030,49030,49030,49030,49030,49030,49030,49030,49030,49030,49030,49030,49030,49030,49030,49030,49035,49040,49037,49036,49036,49036,49030,49030,49030,49030,49030,49030,49030,49030
Slovenia,20270,20270,20270,20270,20270,20270,20270,20270,20270,20270,20270,20270,20270,20270,20270,20270,20270,20270,20270,20270,20270,20270,20270,20270,20270,20270,20270,20270,20270,20270,20270,20270,20270,20270,20270,20270,20270,20270,20270,20270,20270,20270,20270,20270,20270,20270,20270,20270,20270,20270,20270,20270,20675,20675,20675,20675,20480,20480,20480,20480,20480
Solomon Islands,28900,28900,28900,28900,28900,28900,28900,28900,28900,28900,28900,28900,28900,28900,28900,28900,28900,28900,28900,28900,28900,28900,28900,28900,28900,28900,28900,28900,28900,28900,28900,28900,28900,28900,28900,28900,28900,28900,28900,28900,28900,28900,28900,28900,28900,28900,28900,28900,28900,28900,28900,28900,28900,28900,28900,28900,28900,28900,28900,28900,28900
Somalia,637660,637660,637660,637660,637660,637660,637660,637660,637660,637660,637660,637660,637660,637660,637660,637660,637660,637660,637660,637660,637660,637660,637660,637660,637660,637660,637660,637660,637660,637660,637660,637660,637660,637660,637660,637660,637660,637660,637660,637660,637660,637660,637660,637660,637660,637660,637660,637660,637660,637660,637660,637660,637660,637660,637660,637660,637660,637660,637660,637660,637660
South Africa,1219090,1219090,1219090,1219090,1219090,1219090,1219090,1219090,1219090,1219090,1219090,1219090,1219090,1219090,1219090,1219090,1219090,1219090,1219090,1219090,1219090,1219090,1219090,1219090,1219090,1219090,1219090,1219090,1219090,1219090,1219090,1219090,1219090,1219090,1219090,1219090,1219090,1219090,1219090,1219090,1219090,1219090,1219090,1219090,1219090,1219090,1219090,1219090,1219090,1219090,1219090,1219090,1219090,1219090,1219090,1219090,1219090,1219090,1219090,1219090,1219090
South Sudan,,,,,,,,,,,,,,,,,,,,,,,,,,,,,,,,,,,,,,,,,,,,,,,,,,,,646883,646883,646883,646883,646883,646883,646883,646883,646883,646883
Spain,505990,505990,505990,505990,505990,505990,505990,505990,505990,505990,505990,505990,505990,505990,505990,505990,505990,505990,505990,505990,505990,505990,505990,505990,505990,505990,505990,505990,505990,505990,505990,505990,505990,505990,505990,505990,505990,505990,505990,505000,505020,505320,505370,505370,505370,505370,505370,505370,505370,505600,505600,505940,505940,505940,505924,505935,505935.23,505957.289,505952.796,505969.891,505964.594
Sri Lanka,65610,65610,65610,65610,65610,65610,65610,65610,65610,65610,65610,65610,65610,65610,65610,65610,65610,65610,65610,65610,65610,65610,65610,65610,65610,65610,65610,65610,65610,65610,65610,65610,65610,65610,65610,65610,65610,65610,65610,65610,65610,65610,65610,65610,65610,65610,65610,65610,65610,65610,65610,65610,65610,65610,65610,65610,65610,65610,65610,65610,65610
St. Kitts and Nevis,350,350,350,350,350,350,350,350,350,350,350,350,350,350,350,350,350,350,350,260,260,260,260,260,260,260,260,260,260,260,260,260,260,260,260,260,260,260,260,260,260,260,260,260,260,260,260,260,260,260,260,260,260,260,260,260,260,260,260,260,260
St. Lucia,620,620,620,620,620,620,620,620,620,620,620,620,620,620,620,620,620,620,620,620,620,620,620,620,620,620,620,620,620,620,620,620,620,620,620,620,620,620,620,620,620,620,620,620,620,620,620,620,620,620,620,620,620,620,620,620,620,620,620,620,620
Saint-Martin,,,,,,,,,,,,,,,,,,,,,,,,,,,,,,,,,,,,,,,,,,,,,,,,,,,50,50,50,50,50,50,50,50,50,50,50
St. Vincent and the Grenadines,390,390,390,390,390,390,390,390,390,390,390,390,390,390,390,390,390,390,390,390,390,390,390,390,390,390,390,390,390,390,390,390,390,390,390,390,390,390,390,390,390,390,390,390,390,390,390,390,390,390,390,390,390,390,390,390,390,390,390,390,390
Sudan,2505810,2505810,2505810,2505810,2505810,2505810,2505810,2505810,2505810,2505810,2505810,2505810,2505810,2505810,2505810,2505810,2505810,2505810,2505810,2505810,2505810,2505810,2505810,2505810,2505810,2505810,2505810,2505810,2505810,2505810,2505810,2505810,2505810,2505810,2505810,2505810,2505810,2505810,2505810,2505810,2505810,2505810,2505810,2505810,2505810,2505810,2505810,2505810,2505810,2505810,2505810,1878000,1878000,1878000,1878000,1878000,1878000,1878000,1878000,1878000,1878000
Suriname,163820,163820,163820,163820,163820,163820,163820,163820,163820,163820,163820,163820,163820,163820,163820,163820,163820,163820,163820,163820,163820,163820,163820,163820,163820,163820,163820,163820,163820,163820,163820,163820,163820,163820,163820,163820,163820,163820,163820,163820,163820,163820,163820,163820,163820,163820,163820,163820,163820,163820,163820,163820,163820,163820,163820,163820,163820,163820,163820,163820,163820
Sweden,447420.11,447420.11,447420.11,447420.11,447420.11,447420.11,447420.11,447420.11,447420.11,447420.11,447420.11,447420.11,447420.11,447420.11,447420.11,447420.11,447420.11,447420.11,447420.11,447420.11,447420.11,447420.11,447420.11,447420.11,447420.11,447420.11,447420.11,447420.11,447420.11,447420.11,447420.11,447420.11,447420.11,447420.11,447420.11,447420.11,447420.11,447420.11,447420.11,447420.11,447420.11,447420.11,447420.11,447420.11,447420.11,447420.11,447420.11,447420.11,447420.11,447420.11,447420.11,447420.11,528447.52,528447.52,528449.29,528449.29,528449.29,528449.29,528861.06,528860.704,528860.72
Switzerland,41290,41290,41290,41290,41290,41290,41290,41290,41290,41290,41290,41290,41290,41290,41290,41290,41290,41290,41290.7,41290.7,41290.7,41290.7,41290.7,41290.7,41290.7,41290.7,41290.7,41290.7,41290.7,41290.7,41290.7,41290.7,41290.7,41290.7,41290.7,41290.7,41290.7,41290.7,41290.7,41290.7,41290.7,41290.7,41290.7,41290.7,41290.7,41290.7,41290.7,41290.7,41290.7,41290.7,41290.7,41290.7,41290.7,41290.7,41290.7,41290.7,41290.7,41290.7,41290.7,41290.7,41290.7
Syria,185180,185180,185180,185180,185180,185180,185180,185180,185180,185180,185180,185180,185180,185180,185180,185180,185180,185180,185180,185180,185180,185180,185180,185180,185180,185180,185180,185180,185180,185180,185180,185180,185180,185180,185180,185180,185180,185180,185180,185180,185180,185180,185180,185180,185180,185180,185180,185180,185180,185180,185180,185180,185180,185180,185180,185180,185180,185180,185180,185180,185180
Taiwan,36197,36197,36197,36197,36197,36197,36197,36197,36197,36197,36197,36197,36197,36197,36197,36197,36197,36197,36197,36197,36197,36197,36197,36197,36197,36197,36197,36197,36197,36197,36197,36197,36197,36197,36197,36197,36197,36197,36197,36197,36197,36197,36197,36197,36197,36197,36197,36197,36197,36197,36197,36197,36197,36197,36197,36197,36197,36197,36197,36197,36197
Tajikistan,142550,142550,142550,142550,142550,142550,142550,142550,142550,142550,142550,142550,142550,142550,142550,142550,142550,142550,142550,142550,142550,142550,142550,142550,142550,142550,142550,142550,142550,142550,142550,142550,142550,142550,142550,142550,142550,142550,142550,142550,142550,142550,142550,142550,142550,142550,142550,142550,142550,142550,142550,142550,142550,141376,141380,141380,141380,141380,141380,141380,141379
Tanzania,947300,947300,947300,947300,947300,947300,947300,947300,947300,947300,947300,947300,947300,947300,947300,947300,947300,947300,947300,947300,947300,947300,947300,947300,947300,947300,947300,947300,947300,947300,947300,947300,947300,947300,947300,947300,947300,947300,947300,947300,947300,947300,947300,947300,947300,947300,947300,947300,947300,947300,947300,947300,947300,947300,947300,947300,947300,947300,947300,947300,947300
Thailand,513120,513120,513120,513120,513120,513120,513120,513120,513120,513120,513120,513120,513120,513120,513120,513120,513120,513120,513120,513120,513120,513120,513120,513120,513120,513120,513120,513120,513120,513120,513120,513120,513120,513120,513120,513120,513120,513120,513120,513120,513120,513120,513120,513120,513120,513120,513120,513120,513120,513120,513120,513120,513120,513120,513120,513120,513120,513120,513120,513120,513120
Timor-Leste,14870,14870,14870,14870,14870,14870,14870,14870,14870,14870,14870,14870,14870,14870,14870,14870,14870,14870,14870,14870,14870,14870,14870,14870,14870,14870,14870,14870,14870,14870,14870,14870,14870,14870,14870,14870,14870,14870,14870,14870,14870,14870,14870,14870,14870,14870,14870,14870,14870,14870,14870,14870,14870,14870,14870,14870,14870,14870,14870,14870,14870
Togo,56790,56790,56790,56790,56790,56790,56790,56790,56790,56790,56790,56790,56790,56790,56790,56790,56790,56790,56790,56790,56790,56790,56790,56790,56790,56790,56790,56790,56790,56790,56790,56790,56790,56790,56790,56790,56790,56790,56790,56790,56790,56790,56790,56790,56790,56790,56790,56790,56790,56790,56790,56790,56790,56790,56790,56790,56790,56790,56790,56790,56790
Tonga,750,750,750,750,750,750,750,750,750,750,750,750,750,750,750,750,750,750,750,750,750,750,750,750,750,750,750,750,750,750,750,750,750,750,750,750,750,750,750,750,750,750,750,750,750,750,750,750,750,750,750,750,750,750,750,750,750,750,750,750,750
Trinidad and Tobago,5130,5130,5130,5130,5130,5130,5130,5130,5130,5130,5130,5130,5130,5130,5130,5130,5130,5130,5130,5130,5130,5130,5130,5130,5130,5130,5130,5130,5130,5130,5130,5130,5130,5130,5130,5130,5130,5130,5130,5130,5130,5130,5130,5130,5130,5130,5130,5130,5130,5130,5130,5130,5130,5130,5130,5130,5130,5130,5130,5130,5130
Tunisia,163610,163610,163610,163610,163610,163610,163610,163610,163610,163610,163610,163610,163610,163610,163610,163610,163610,163610,163610,163610,163610,163610,163610,163610,163610,163610,163610,163610,163610,163610,163610,163610,163610,163610,163610,163610,163610,163610,163610,163610,163610,163610,163610,163610,163610,163610,163610,163610,163610,163610,163610,163610,163610,163610,163610,163610,163610,163610,163610,163610,163610
Trkiye,785350,785350,785350,785350,785350,785350,785350,785350,785350,785350,785350,785350,785350,785350,785350,785350,785350,785350,785350,785350,785350,785350,785350,785350,785350,785350,785350,785350,785350,785350,785350,785350,785350,785350,785350,785350,785350,785350,785350,785350,785350,785350,785350,785350,785350,785350,785350,785350,785350,785350,785350,785350,785350,785350,785350,785350,785350,785350,785350,785350,785350
Turkmenistan,488100,488100,488100,488100,488100,488100,488100,488100,488100,488100,488100,488100,488100,488100,488100,488100,488100,488100,488100,488100,488100,488100,488100,488100,488100,488100,488100,488100,488100,488100,488100,488100,488100,488100,488100,488100,488100,488100,488100,488100,488100,488100,488100,488100,488100,488100,488100,488100,488100,488100,488100,488100,488100,488100,488100,488100,488100,488100,488100,488100,488100
Turks and Caicos Islands,950,950,950,950,950,950,950,950,950,950,950,950,950,950,950,950,950,950,950,950,950,950,950,950,950,950,950,950,950,950,950,950,950,950,950,950,950,950,950,950,950,950,950,950,950,950,950,950,950,950,950,950,950,950,950,950,950,950,950,950,950
Tuvalu,30,30,30,30,30,30,30,30,30,30,30,30,30,30,30,30,30,30,30,30,30,30,30,30,30,30,30,30,30,30,30,30,30,30,30,30,30,30,30,30,30,30,30,30,30,30,30,30,30,30,30,30,30,30,30,30,30,30,30,30,30
Uganda,241550,241550,241550,241550,241550,241550,241550,241550,241550,241550,241550,241550,241550,241550,241550,241550,241550,241550,241550,241550,241550,241550,241550,241550,241550,241550,241550,241550,241550,241550,241550,241550,241550,241550,241550,241550,241550,241550,241550,241550,241550,241550,241550,241550,241550,241550,241550,241550,241550,241550,241550,241550,241550,241550,241550,241550,241550,241550,241550,241550,241550
Ukraine,603560,603560,603560,603560,603560,603560,603560,603560,603560,603560,603560,603560,603560,603560,603560,603560,603560,603560,603560,603560,603560,603560,603560,603560,603560,603560,603560,603560,603560,603560,603560,603560,603550,603550,603550,603550,603550,603550,603550,603550,603550,603550,603550,603550,603550,603550,603550,603550,603550,603550,603550,603550,603550,603550,603550,603550,603550,603550,603550,603550,603550
United Arab Emirates,98647.9,98647.9,98647.9,98647.9,98647.9,98647.9,98647.9,98647.9,98647.9,98647.9,98647.9,98647.9,98647.9,98647.9,98647.9,98647.9,98647.9,98647.9,98647.9,98647.9,98647.9,98647.9,98647.9,98647.9,98647.9,98647.9,98647.9,98647.9,98647.9,98647.9,98647.9,98647.9,98647.9,98647.9,98647.9,98647.9,98647.9,98647.9,98647.9,98647.9,98647.9,98647.9,98647.9,98647.9,98647.9,98647.9,98647.9,98647.9,98647.9,98647.9,98647.9,98647.9,98647.9,98647.9,98647.9,98647.9,98647.9,98647.9,98647.9,98647.9,98647.9
United Kingdom,243610,243610,243610,243610,243610,243610,243610,243610,243610,243610,243610,243610,243610,243610,243610,243610,243610,243610,243610,243610,243610,243610,243610,243610,243610,243610,243610,243610,243610,243610,243610,243610,243610,243610,243610,243610,243610,243610,243610,243610,243610,243610,243610,243610,243610,243610,243610,243610,243610,243610,243610,243610,243610,243610,243610,243610,243610,243610,243610,243610,243610
United States,9629090,9629090,9629090,9629090,9629090,9629090,9629090,9629090,9629090,9629090,9629090,9629090,9629090,9629090,9629090,9629090,9629090,9629090,9629090,9629090,9629090,9629090,9629090,9629090,9629090,9629090,9629090,9629090,9629090,9629090,9629090,9629090,9629090,9629090,9629090,9629090,9629090,9629090,9629090,9632030,9632030,9632030,9632030,9632030,9632030,9632030,9632030,9831510,9831510,9831510,9831510,9831510,9831510,9831510,9831510,9831510,9831510,9831510,9831510,9831510,9831510
Uruguay,176220,176220,176220,176220,176220,176220,176220,176220,176220,176220,176220,176220,176220,176220,176220,176220,176220,176220,176220,176220,176220,176220,176220,176220,176220,176220,176220,176220,176220,176220,176220,176220,176220,176220,176220,176220,176220,176220,176220,176220,176220,176220,176220,176220,176220,176220,176220,176220,176220,176220,176220,176220,176220,176220,176220,176220,176220,176220,176220,176220,176220
Uzbekistan,447400,447400,447400,447400,447400,447400,447400,447400,447400,447400,447400,447400,447400,447400,447400,447400,447400,447400,447400,447400,447400,447400,447400,447400,447400,447400,447400,447400,447400,447400,447400,447400,447400,447400,447400,447400,447400,447400,447400,444103,444103,444103,444103,444103,444103,444103,444103,444103,444103,444103,444103,444103,444103,444103,448924,448924,448924,448924,448924,448924,448924
Vanuatu,12190,12190,12190,12190,12190,12190,12190,12190,12190,12190,12190,12190,12190,12190,12190,12190,12190,12190,12190,12190,12190,12190,12190,12190,12190,12190,12190,12190,12190,12190,12190,12190,12190,12190,12190,12190,12190,12190,12190,12190,12190,12190,12190,12190,12190,12190,12190,12190,12190,12190,12190,12190,12190,12190,12190,12190,12190,12190,12190,12190,12190
Venezuela,912050,912050,912050,912050,912050,912050,912050,912050,912050,912050,912050,912050,912050,912050,912050,912050,912050,912050,912050,912050,912050,912050,912050,912050,912050,912050,912050,912050,912050,912050,912050,912050,912050,912050,912050,912050,912050,912050,912050,912050,912050,912050,912050,912050,912050,912050,912050,912050,912050,912050,912050,912050,912050,912050,912050,912050,912050,912050,912050,912050,912050
Western Sahara,266000,266000,266000,266000,266000,266000,266000,266000,266000,266000,266000,266000,266000,266000,266000,266000,266000,266000,266000,266000,266000,266000,266000,266000,266000,266000,266000,266000,266000,266000,266000,266000,266000,266000,266000,266000,266000,266000,266000,266000,266000,266000,266000,266000,266000,266000,266000,266000,266000,266000,266000,266000,266000,266000,266000,266000,266000,266000,266000,266000,266000
Vietnam,331690,331690,331690,331690,331690,331690,331690,331690,331690,331690,331690,331690,331690,331690,331690,331690,329570,329570,331610,331690,331690,331690,331690,331690,331690,331690,330350,330360,330360,331030,331060,331090,331110,331110,331110,331110,331110,331110,331110,329240,329250,329300,329310,329314,331212,331212,331212,331051,331051,330954,330957,330951,330960,331230,331230,331230,331230,331240,331310,331340,331340
United States Virgin Islands,350,350,350,350,350,350,350,350,350,350,350,350,350,350,350,350,350,350,350,350,350,350,350,350,350,350,350,350,350,350,350,350,350,350,350,350,350,350,350,350,350,350,350,350,350,350,350,350,350,350,350,350,350,350,350,350,350,350,350,350,350
Palestine,6020,6020,6020,6020,6020,6020,6020,6020,6020,6020,6020,6020,6020,6020,6020,6020,6020,6020,6020,6020,6020,6020,6020,6020,6020,6020,6020,6020,6020,6020,6020,6020,6020,6020,6020,6020,6020,6020,6020,6020,6020,6020,6020,6020,6020,6020,6020,6020,6020,6020,6020,6020,6020,6020,6020,6020,6020,6020,6020,6020,6025
Yemen,527970,527970,527970,527970,527970,527970,527970,527970,527970,527970,527970,527970,527970,527970,527970,527970,527970,527970,527970,527970,527970,527970,527970,527970,527970,527970,527970,527970,527970,527970,527970,527970,527970,527970,527970,527970,527970,527970,527970,527970,527970,527970,527970,527970,527970,527970,527970,527970,527970,527970,527970,527970,527970,527970,527970,527970,527970,527970,527970,527970,527970
Zambia,752610,752610,752610,752610,752610,752610,752610,752610,752610,752610,752610,752610,752610,752610,752610,752610,752610,752610,752610,752610,752610,752610,752610,752610,752610,752610,752610,752610,752610,752610,752610,752610,752610,752610,752610,752610,752610,752610,752610,752610,752610,752610,752610,752610,752610,752610,752610,752610,752610,752610,752610,752610,752610,752610,752610,752610,752610,752610,752610,752610,752610
Zimbabwe,390760,390760,390760,390760,390760,390760,390760,390760,390760,390760,390760,390760,390760,390760,390760,390760,390760,390760,390760,390760,390760,390760,390760,390760,390760,390760,390760,390760,390760,390760,390760,390760,390760,390760,390760,390760,390760,390760,390760,390760,390760,390760,390760,390760,390760,390760,390760,390760,390760,390760,390760,390760,390760,390760,390760,390760,390760,390760,390760,390760,390760
Falkland Islands,12200,12200,12200,12200,12200,12200,12200,12200,12200,12200,12200,12200,12200,12200,12200,12200,12200,12200,12200,12200,12200,12200,12200,12200,12200,12200,12200,12200,12200,12200,12200,12200,12200,12200,12200,12200,12200,12200,12200,12200,12200,12200,12200,12200,12200,12200,12200,12200,12200,12200,12200,12200,12200,12200,12200,12200,12200,12200,12200,12200,12200
